obj_id,ob_code,ra,dec,equinox,priority,exptime,resolution,comment,g_hsc,g_hsc_error
1,z4qso1_7692688,28.948734,-6.353594,J2000.0,1,7200,L,,100,
2,z4qso2_9289686,30.361012,-6.796681,J2000.0,2,7200,L,,200,20
17,z4qso17_4684896,31.67479342,-6.595213756,J2000.0,3,3600,L,,300,30
26,z4qso26_8154470,136.0853652,-2.256613637,J2000.0,9,3600,M,,400,40
27,z4qso26_8154473,30,85,J2000.0,9,3600,M,,500,
